month_index,day_index,meal_index,soup_index,main_dish_index,vegetarian_index,count
0,0,0,0,0,0,420
0,1,0,1,1,1,1626
0,2,0,2,2,2,1686
0,3,0,3,3,3,1033
0,4,0,4,4,4,1360
0,5,0,5,5,5,5
0,6,0,6,6,6,595
0,0,0,7,7,7,1347
0,1,0,8,8,8,1714
0,2,0,9,9,9,1111
0,3,0,10,10,10,935
0,4,0,11,11,11,1261
0,5,0,12,12,12,701
0,6,0,13,3,3,193
0,0,0,6,13,8,732
0,1,0,14,14,2,472
0,2,0,0,7,13,422
0,3,0,11,15,14,337
0,4,0,15,16,15,452
0,5,0,16,17,11,126
0,6,0,9,18,1,99
0,0,0,17,19,16,330
0,1,0,18,20,17,347
0,2,0,6,21,18,232
0,3,0,7,9,9,200
0,4,0,4,5,5,192
0,5,0,18,11,1,62
0,6,0,1,22,19,52
0,0,0,6,1,15,251
0,1,0,11,23,20,189
0,2,0,5,24,17,377
1,3,0,2,25,7,270
1,4,0,19,26,21,326
1,5,0,20,4,0,66
1,6,0,21,0,22,87
1,0,0,1,23,23,227
1,1,0,5,27,24,309
1,2,0,13,28,17,435
1,3,0,8,29,25,424
1,4,0,20,30,15,415
1,5,0,22,31,12,1
1,6,0,23,1,2,1
1,0,0,10,32,1,1369
1,1,0,5,33,22,1964
1,2,0,5,34,15,1933
1,3,0,21,35,26,2157
1,4,0,13,9,9,1144
1,5,0,6,4,27,345
1,6,0,2,23,23,250
1,0,0,1,36,22,2248
1,1,0,18,37,14,1739
1,2,0,17,32,17,2289
1,3,0,6,21,18,1619
1,4,0,19,8,28,1811
1,5,0,2,14,16,498
1,6,0,18,5,4,347
1,0,0,23,38,7,2105
1,1,0,21,5,4,1712
1,2,0,14,13,15,2323
1,3,0,6,11,22,1985
2,4,0,19,39,7,1610
2,5,0,13,40,29,476
2,6,0,11,4,4,397
2,0,0,24,41,17,1800
2,1,0,19,10,29,1714
2,2,0,25,42,2,2147
2,3,0,5,8,30,2228
2,4,0,13,43,31,1333
2,5,0,11,9,9,400
2,6,0,26,22,19,275
2,0,0,17,44,32,1584
2,1,0,27,23,33,982
2,2,0,28,3,34,1027
2,3,0,6,31,35,967
2,4,0,20,45,17,933
2,5,0,19,46,36,238
2,6,0,7,47,37,282
2,0,0,5,15,38,1063
2,1,0,20,21,18,1201
2,2,0,25,48,8,1720
2,3,0,18,49,39,1231
2,4,0,14,50,36,1161
2,5,0,29,51,17,558
2,6,0,28,43,7,420
2,0,0,11,5,4,1114
2,1,0,13,52,30,1419
2,2,0,13,53,15,1773
2,3,0,22,46,36,1024
2,4,0,12,42,1,1114
2,5,0,25,11,21,348
2,6,0,6,54,40,340
3,0,0,5,15,38,959
3,1,0,19,11,21,1532
3,2,0,5,13,41,1645
3,3,0,13,43,15,1311
3,4,0,6,7,42,796
3,5,0,20,46,36,129
3,6,0,6,45,26,110
3,0,0,14,55,12,201
3,1,0,19,8,17,108
3,2,0,18,56,4,79
3,3,0,5,3,34,52
3,4,0,30,51,8,160
3,5,0,14,57,1,222
3,6,0,19,58,10,257
3,0,0,11,9,9,1456
3,1,0,25,29,43,1857
3,2,0,20,59,26,1912
3,3,0,15,23,23,1234
3,4,0,13,43,41,1345
3,5,0,19,60,1,478
3,6,0,17,61,44,643
3,0,0,18,29,15,1827
3,1,0,1,30,17,657
3,2,0,11,62,30,2200
3,3,0,25,40,45,1784
3,4,0,5,63,15,1692
3,5,0,6,46,46,348
3,6,0,7,64,27,426
3,0,0,5,65,40,1798
3,1,0,15,31,12,1326
4,2,0,5,66,8,794
4,3,0,20,67,22,1769
4,4,0,13,61,21,1604
4,5,0,12,11,29,434
4,6,0,6,68,12,518
4,0,0,0,33,47,1601
4,1,0,6,19,4,1623
4,2,0,17,2,21,2181
4,3,0,19,8,48,2011
4,4,0,18,34,49,1197
4,5,0,5,63,26,551
4,6,0,30,5,4,351
4,0,0,14,69,50,1542
4,1,0,19,70,51,1548
4,2,0,2,44,52,2132
4,3,0,25,71,44,1578
4,4,0,31,2,15,1551
4,5,0,13,51,17,657
4,6,0,2,68,26,583
4,0,0,19,72,53,1403
4,1,0,17,73,17,1621
4,2,0,32,13,7,2007
4,3,0,17,74,54,1263
4,4,0,15,23,33,891
4,5,0,11,26,22,983
4,6,0,18,4,20,492
4,0,0,19,75,55,1533
4,1,0,7,9,9,1056
4,2,0,18,76,19,1678
4,3,0,29,48,15,1488
4,4,0,33,11,49,1222
5,5,0,17,37,38,670
5,6,0,4,3,34,347
5,0,0,30,1,36,1145
5,1,0,18,5,4,859
5,2,0,17,77,56,1397
5,3,0,20,9,57,526
5,4,0,0,10,10,553
5,5,0,1,26,46,277
5,6,0,2,78,21,178
5,0,0,15,71,58,398
5,1,0,4,79,8,353
5,2,0,34,80,54,385
5,3,0,6,15,38,218
5,4,0,35,74,59,197
5,5,0,36,81,21,57
5,6,0,13,82,60,42
5,0,0,19,32,61,53
5,1,0,3,21,29,32
5,2,0,37,83,15,51
5,3,0,25,9,9,51
5,4,0,7,8,15,88
5,5,0,1,49,39,74
5,6,0,19,51,17,120
5,0,0,9,84,62,373
5,1,0,38,85,21,782
5,2,0,35,86,47,785
5,3,0,7,8,15,926
5,4,0,13,87,51,487
5,5,0,16,9,9,149
5,6,0,13,88,63,169
0,0,1,19,41,26,665
0,1,1,39,37,38,1188
0,2,1,33,17,37,1475
0,3,1,38,21,18,1048
0,4,1,13,55,22,1264
0,5,1,27,11,30,1
0,6,1,24,46,36,605
0,0,1,21,52,2,1336
0,1,1,23,23,23,695
0,2,1,29,89,22,1345
0,3,1,19,49,39,1076
0,4,1,6,37,38,704
0,5,1,5,22,19,386
0,6,1,39,4,18,368
0,0,1,5,23,20,325
0,1,1,22,46,36,290
0,2,1,7,90,54,297
0,3,1,8,82,64,302
0,4,1,7,4,37,191
0,5,1,19,5,5,122
0,6,1,40,10,10,124
0,0,1,29,52,65,180
0,1,1,10,31,12,102
0,2,1,2,35,0,163
0,3,1,30,55,21,132
0,4,1,11,91,12,140
0,5,1,5,3,3,53
0,6,1,0,4,53,74
0,0,1,10,2,22,125
0,1,1,8,17,21,152
0,2,1,19,18,1,124
1,3,1,13,9,9,116
1,4,1,6,3,3,91
1,5,1,16,50,11,94
1,6,1,7,92,17,122
1,0,1,9,60,16,221
1,1,1,18,49,66,168
1,2,1,6,37,14,216
1,3,1,15,10,10,268
1,4,1,11,5,4,217
1,5,1,19,93,67,1
1,6,1,15,46,46,164
1,0,1,18,94,29,875
1,1,1,1,5,4,1067
1,2,1,19,3,3,814
1,3,1,20,19,30,1084
1,4,1,5,7,7,916
1,5,1,7,41,17,566
1,6,1,23,52,1,672
1,0,1,7,42,37,1423
1,1,1,22,1,15,1555
1,2,1,33,29,21,1479
1,3,1,8,61,0,1513
1,4,1,0,46,36,207
1,5,1,9,23,52,313
1,6,1,4,18,67,649
1,0,1,8,10,10,1104
1,1,1,1,95,54,1346
1,2,1,5,9,9,1307
1,3,1,20,3,3,904
2,4,1,6,59,64,909
2,5,1,8,3,34,332
2,6,1,18,96,50,516
2,0,1,5,55,25,1513
2,1,1,6,11,22,1563
2,2,1,20,46,36,1026
2,3,1,0,63,21,1504
2,4,1,7,49,39,782
2,5,1,41,11,1,671
2,6,1,1,97,45,727
2,0,1,30,37,38,1192
2,1,1,18,98,21,1745
2,2,1,25,73,30,1808
2,3,1,29,71,15,1552
2,4,1,4,72,7,1191
2,5,1,16,99,21,795
2,6,1,13,65,26,905
2,0,1,18,100,68,1437
2,1,1,19,101,31,1938
2,2,1,34,33,16,1564
2,3,1,6,102,64,1438
2,4,1,7,103,69,1088
2,5,1,42,35,25,1031
2,6,1,20,1,37,835
2,0,1,43,104,15,1994
2,1,1,16,9,9,1376
2,2,1,6,34,44,1720
2,3,1,17,73,21,1803
2,4,1,8,105,24,984
2,5,1,18,9,9,636
2,6,1,1,87,22,852
3,0,1,0,35,17,1798
3,1,1,20,19,4,1344
3,2,1,1,10,8,1182
3,3,1,18,9,9,954
3,4,1,7,33,41,783
3,5,1,26,63,45,220
3,6,1,4,105,24,200
3,0,1,25,98,51,202
3,1,1,6,49,39,85
3,2,1,20,11,15,66
3,3,1,15,50,53,95
3,4,1,1,1,15,124
3,5,1,18,85,27,293
3,6,1,39,97,1,468
3,0,1,13,10,70,1017
3,1,1,4,4,37,1224
3,2,1,31,13,17,1822
3,3,1,18,106,26,1597
3,4,1,7,70,8,818
3,5,1,6,49,39,555
3,6,1,1,95,54,694
3,0,1,20,3,34,830
3,1,1,23,2,37,1256
3,2,1,13,22,19,1133
3,3,1,30,37,38,1189
3,4,1,11,19,4,879
3,5,1,19,107,53,823
3,6,1,14,5,4,674
3,0,1,19,0,7,1787
3,1,1,18,21,69,1041
4,2,1,7,45,37,665
4,3,1,19,9,9,1245
4,4,1,1,49,66,987
4,5,1,18,23,20,426
4,6,1,20,108,1,763
4,0,1,44,109,71,847
4,1,1,4,29,15,1590
4,2,1,25,22,27,748
4,3,1,11,83,44,1629
4,4,1,20,37,38,691
4,5,1,15,43,17,700
4,6,1,1,66,1,823
4,0,1,18,46,36,1011
4,1,1,39,110,7,1725
4,2,1,16,31,12,969
4,3,1,4,3,34,750
4,4,1,16,45,33,619
4,5,1,1,111,27,795
4,6,1,18,46,36,481
4,0,1,15,94,29,892
4,1,1,11,69,9,1378
4,2,1,7,15,38,1081
4,3,1,41,3,34,727
4,4,1,8,35,15,1552
4,5,1,30,112,40,764
4,6,1,4,13,37,1083
4,0,1,12,21,69,920
4,1,1,14,70,51,1126
4,2,1,25,5,4,1018
4,3,1,28,100,37,1297
4,4,1,18,19,4,885
5,5,1,13,12,26,940
5,6,1,11,40,37,854
5,0,1,19,49,39,1092
5,1,1,19,7,7,950
5,2,1,6,74,54,666
5,3,1,7,113,72,506
5,4,1,13,114,44,516
5,5,1,15,115,48,248
5,6,1,41,23,33,123
5,0,1,18,3,34,166
5,1,1,25,116,73,197
5,2,1,13,45,23,156
5,3,1,12,108,17,167
5,4,1,45,117,15,136
5,5,1,6,46,36,50
5,6,1,18,43,5,44
5,0,1,46,118,74,42
5,1,1,18,67,38,42
5,2,1,11,119,48,54
5,3,1,17,2,44,84
5,4,1,20,23,23,38
5,5,1,36,106,58,119
5,6,1,4,31,35,103
5,0,1,6,120,55,342
5,1,1,25,46,36,341
5,2,1,13,19,4,370
5,3,1,18,15,38,314
5,4,1,47,23,23,237
5,5,1,5,91,22,230
5,6,1,11,11,64,275
0,0,0,0,0,0,143
0,1,0,1,1,1,355
0,2,0,2,2,2,349
0,3,0,3,3,3,244
0,4,0,4,4,4,342
0,5,0,5,5,5,0
0,6,0,6,6,6,153
0,0,0,7,7,7,332
0,1,0,8,8,8,348
0,2,0,9,9,9,203
0,3,0,10,10,10,268
0,4,0,11,11,11,260
0,5,0,12,12,12,152
0,6,0,13,3,3,71
0,0,0,6,13,8,285
0,1,0,14,14,2,150
0,2,0,0,7,13,148
0,3,0,11,15,14,103
0,4,0,15,16,15,186
0,5,0,16,17,11,21
0,6,0,9,18,1,27
0,0,0,17,19,16,110
0,1,0,18,20,17,141
0,2,0,6,21,18,92
0,3,0,7,9,9,67
0,4,0,4,5,5,69
0,5,0,18,11,1,21
0,6,0,1,22,19,10
0,0,0,6,1,15,114
0,1,0,11,23,20,84
0,2,0,5,24,17,174
1,3,0,2,25,7,270
1,4,0,19,26,21,326
1,5,0,20,4,0,66
1,6,0,21,0,22,87
1,0,0,1,23,23,227
1,1,0,5,27,24,309
1,2,0,13,28,17,435
1,3,0,8,29,25,424
1,4,0,20,30,15,415
1,5,0,22,31,12,1
1,6,0,23,1,2,1
1,0,0,10,32,1,1369
1,1,0,5,33,22,1964
1,2,0,5,34,15,1933
1,3,0,21,35,26,2157
1,4,0,13,9,9,1144
1,5,0,6,4,27,345
1,6,0,2,23,23,250
1,0,0,1,36,22,2248
1,1,0,18,37,14,1739
1,2,0,17,32,17,2289
1,3,0,6,21,18,1619
1,4,0,19,8,28,1811
1,5,0,2,14,16,498
1,6,0,18,5,4,347
1,0,0,23,38,7,2105
1,1,0,21,5,4,1712
1,2,0,14,13,15,2323
1,3,0,6,11,22,1985
2,4,0,19,39,7,626
2,5,0,13,40,29,154
2,6,0,11,4,4,138
2,0,0,24,41,17,620
2,1,0,19,10,29,565
2,2,0,25,42,2,685
2,3,0,5,8,30,781
2,4,0,13,43,31,0
2,5,0,11,9,9,418
2,6,0,26,22,19,105
2,0,0,17,44,32,522
2,1,0,27,23,33,283
2,2,0,28,3,34,331
2,3,0,6,31,35,318
2,4,0,20,45,17,310
2,5,0,19,46,36,128
2,6,0,7,47,37,106
2,0,0,5,15,38,323
2,1,0,20,21,18,352
2,2,0,25,48,8,457
2,3,0,18,49,39,411
2,4,0,14,50,36,344
2,5,0,29,51,17,191
2,6,0,28,43,7,1
2,0,0,11,5,4,12
2,1,0,13,52,30,18
2,2,0,13,53,15,17
2,3,0,22,46,36,158
2,4,0,12,42,1,421
2,5,0,25,11,21,164
2,6,0,6,54,40,101
3,0,0,5,15,38,315
3,1,0,19,11,21,463
3,2,0,5,13,41,498
3,3,0,13,43,15,452
3,4,0,6,7,42,271
3,5,0,20,46,36,76
3,6,0,6,45,26,33
3,0,0,14,55,12,51
3,1,0,19,8,17,39
3,2,0,18,56,4,25
3,3,0,5,3,34,43
3,4,0,30,51,8,53
3,5,0,14,57,1,57
3,6,0,19,58,10,83
3,0,0,11,9,9,548
3,1,0,25,29,43,623
3,2,0,20,59,26,662
3,3,0,15,23,23,477
3,4,0,13,43,41,468
3,5,0,19,60,1,207
3,6,0,17,61,44,235
3,0,0,18,29,15,514
3,1,0,1,30,17,191
3,2,0,11,62,30,690
3,3,0,25,40,45,650
3,4,0,5,63,15,623
3,5,0,6,46,46,172
3,6,0,7,64,27,142
3,0,0,5,65,40,524
3,1,0,15,31,12,393
4,2,0,5,66,8,253
4,3,0,20,67,22,624
4,4,0,13,61,21,574
4,5,0,12,11,29,169
4,6,0,6,68,12,153
4,0,0,0,33,47,531
4,1,0,6,19,4,529
4,2,0,17,2,21,761
4,3,0,19,8,48,808
4,4,0,18,34,49,496
4,5,0,5,63,26,179
4,6,0,30,5,4,140
4,0,0,14,69,50,511
4,1,0,19,70,51,563
4,2,0,2,44,52,743
4,3,0,25,71,44,621
4,4,0,31,2,15,577
4,5,0,13,51,17,250
4,6,0,2,68,26,144
4,0,0,19,72,53,484
4,1,0,17,73,17,446
4,2,0,32,13,7,460
4,3,0,17,74,54,455
4,4,0,15,23,33,255
4,5,0,11,26,22,276
4,6,0,18,4,20,115
4,0,0,19,75,55,378
4,1,0,7,9,9,313
4,2,0,18,76,19,465
4,3,0,29,48,15,449
4,4,0,33,11,49,362
5,5,0,17,37,38,138
5,6,0,4,3,34,100
5,0,0,30,1,36,324
5,1,0,18,5,4,266
5,2,0,17,77,56,426
5,3,0,20,9,57,233
5,4,0,0,10,10,238
5,5,0,1,26,46,94
5,6,0,2,78,21,67
5,0,0,15,71,58,166
5,1,0,4,79,8,152
5,2,0,34,80,54,156
5,3,0,6,15,38,102
5,4,0,35,74,59,113
5,5,0,36,81,21,20
5,6,0,13,82,60,17
5,0,0,19,32,61,14
5,1,0,3,21,29,8
5,2,0,37,83,15,22
5,3,0,25,9,9,21
5,4,0,7,8,15,28
5,5,0,1,49,39,38
5,6,0,19,51,17,113
5,0,0,9,84,62,270
5,1,0,38,85,21,432
5,2,0,35,86,47,483
5,3,0,7,8,15,525
5,4,0,13,87,51,387
5,5,0,16,9,9,188
5,6,0,13,88,63,223
0,0,1,19,41,26,251
0,1,1,39,37,38,233
0,2,1,33,17,37,344
0,3,1,38,21,18,212
0,4,1,13,55,22,387
0,5,1,27,11,30,0
0,6,1,24,46,36,165
0,0,1,21,52,2,317
0,1,1,23,23,23,150
0,2,1,29,89,22,222
0,3,1,19,49,39,215
0,4,1,6,37,38,135
0,5,1,5,22,19,86
0,6,1,39,4,18,85
0,0,1,5,23,20,78
0,1,1,22,46,36,68
0,2,1,7,90,54,114
0,3,1,8,82,64,71
0,4,1,7,4,37,59
0,5,1,19,5,5,13
0,6,1,40,10,10,19
0,0,1,29,52,65,43
0,1,1,10,31,12,38
0,2,1,2,35,0,31
0,3,1,30,55,21,31
0,4,1,11,91,12,20
0,5,1,5,3,3,14
0,6,1,0,4,53,18
0,0,1,10,2,22,28
0,1,1,8,17,21,28
0,2,1,19,18,1,34
1,3,1,13,9,9,36
1,4,1,6,3,3,0
1,5,1,16,50,11,30
1,6,1,7,92,17,33
1,0,1,9,60,16,42
1,1,1,18,49,66,57
1,2,1,6,37,14,64
1,3,1,15,10,10,64
1,4,1,11,5,4,96
1,5,1,19,93,67,237
1,6,1,15,46,46,255
1,0,1,18,94,29,444
1,1,1,1,5,4,414
1,2,1,19,3,3,275
1,3,1,20,19,30,161
1,4,1,5,7,7,290
1,5,1,7,41,17,182
1,6,1,23,52,1,207
1,0,1,7,42,37,498
1,1,1,22,1,15,654
1,2,1,33,29,21,619
1,3,1,8,61,0,680
1,4,1,0,46,36,140
1,5,1,9,23,52,156
1,6,1,4,18,67,370
1,0,1,8,10,10,514
1,1,1,1,95,54,568
1,2,1,5,9,9,515
1,3,1,20,3,3,330
2,4,1,6,59,64,406
2,5,1,8,3,34,101
2,6,1,18,96,50,263
2,0,1,5,55,25,709
2,1,1,6,11,22,437
2,2,1,20,46,36,304
2,3,1,0,63,21,650
2,4,1,7,49,39,221
2,5,1,41,11,1,72
2,6,1,1,97,45,241
2,0,1,30,37,38,482
2,1,1,18,98,21,480
2,2,1,25,73,30,577
2,3,1,29,71,15,480
2,4,1,4,72,7,390
2,5,1,16,99,21,226
2,6,1,13,65,26,297
2,0,1,18,100,68,544
2,1,1,19,101,31,569
2,2,1,34,33,16,475
2,3,1,6,102,64,398
2,4,1,7,103,69,333
2,5,1,42,35,25,154
2,6,1,20,1,37,6
2,0,1,43,104,15,13
2,1,1,16,9,9,12
2,2,1,6,34,44,13
2,3,1,17,73,21,582
2,4,1,8,105,24,498
2,5,1,18,9,9,282
2,6,1,1,87,22,360
3,0,1,0,35,17,765
3,1,1,20,19,4,488
3,2,1,1,10,8,532
3,3,1,18,9,9,428
3,4,1,7,33,41,261
3,5,1,26,63,45,161
3,6,1,4,105,24,67
3,0,1,25,98,51,77
3,1,1,6,49,39,54
3,2,1,20,11,15,59
3,3,1,15,50,53,67
3,4,1,1,1,15,93
3,5,1,18,85,27,106
3,6,1,39,97,1,168
3,0,1,13,10,70,499
3,1,1,4,4,37,502
3,2,1,31,13,17,816
3,3,1,18,106,26,698
3,4,1,7,70,8,318
3,5,1,6,49,39,245
3,6,1,1,95,54,253
3,0,1,20,3,34,365
3,1,1,23,2,37,383
3,2,1,13,22,19,595
3,3,1,30,37,38,431
3,4,1,11,19,4,405
3,5,1,19,107,53,299
3,6,1,14,5,4,192
3,0,1,19,0,7,496
3,1,1,18,21,69,389
4,2,1,7,45,37,202
4,3,1,19,9,9,412
4,4,1,1,49,66,429
4,5,1,18,23,20,191
4,6,1,20,108,1,346
4,0,1,44,109,71,417
4,1,1,4,29,15,726
4,2,1,25,22,27,371
4,3,1,11,83,44,631
4,4,1,20,37,38,355
4,5,1,15,43,17,241
4,6,1,1,66,1,381
4,0,1,18,46,36,329
4,1,1,39,110,7,649
4,2,1,16,31,12,377
4,3,1,4,3,34,354
4,4,1,16,45,33,392
4,5,1,1,111,27,309
4,6,1,18,46,36,181
4,0,1,15,94,29,330
4,1,1,11,69,9,434
4,2,1,7,15,38,315
4,3,1,41,3,34,203
4,4,1,8,35,15,400
4,5,1,30,112,40,276
4,6,1,4,13,37,313
4,0,1,12,21,69,299
4,1,1,14,70,51,343
4,2,1,25,5,4,344
4,3,1,28,100,37,363
4,4,1,18,19,4,294
5,5,1,13,12,26,468
5,6,1,11,40,37,272
5,0,1,19,49,39,355
5,1,1,19,7,7,306
5,2,1,6,74,54,321
5,3,1,7,113,72,263
5,4,1,13,114,44,283
5,5,1,15,115,48,123
5,6,1,41,23,33,46
5,0,1,18,3,34,62
5,1,1,25,116,73,82
5,2,1,13,45,23,66
5,3,1,12,108,17,53
5,4,1,45,117,15,47
5,5,1,6,46,36,21
5,6,1,18,43,5,16
5,0,1,46,118,74,23
5,1,1,18,67,38,25
5,2,1,11,119,48,18
5,3,1,17,2,44,31
5,4,1,20,23,23,24
5,5,1,36,106,58,77
5,6,1,4,31,35,101
5,0,1,6,120,55,245
5,1,1,25,46,36,310
5,2,1,13,19,4,326
5,3,1,18,15,38,316
5,4,1,47,23,23,195
5,5,1,5,91,22,243
5,6,1,11,11,64,302
0,0,0,0,0,0,0
0,1,0,1,1,1,190
0,2,0,2,2,2,197
0,3,0,3,3,3,103
0,4,0,4,4,4,137
0,5,0,5,5,5,0
0,6,0,6,6,6,0
0,0,0,7,7,7,141
0,1,0,8,8,8,167
0,2,0,9,9,9,157
0,3,0,10,10,10,92
0,4,0,11,11,11,120
0,5,0,12,12,12,0
0,6,0,13,3,3,0
0,0,0,6,13,8,73
0,1,0,14,14,2,64
0,2,0,0,7,13,53
0,3,0,11,15,14,55
0,4,0,15,16,15,62
0,5,0,16,17,11,0
0,6,0,9,18,1,0
0,0,0,17,19,16,55
0,1,0,18,20,17,55
0,2,0,6,21,18,34
0,3,0,7,9,9,52
0,4,0,4,5,5,35
0,5,0,18,11,1,0
0,6,0,1,22,19,0
0,0,0,6,1,15,51
0,1,0,11,23,20,36
0,2,0,5,24,17,60
1,3,0,2,25,7,37
1,4,0,19,26,21,48
1,5,0,20,4,0,0
1,6,0,21,0,22,0
1,0,0,1,23,23,40
1,1,0,5,27,24,58
1,2,0,13,28,17,49
1,3,0,8,29,25,53
1,4,0,20,30,15,63
1,5,0,22,31,12,0
1,6,0,23,1,2,0
1,0,0,10,32,1,286
1,1,0,5,33,22,391
1,2,0,5,34,15,319
1,3,0,21,35,26,285
1,4,0,13,9,9,178
1,5,0,6,4,27,0
1,6,0,2,23,23,0
1,0,0,1,36,22,358
1,1,0,18,37,14,304
1,2,0,17,32,17,422
1,3,0,6,21,18,284
1,4,0,19,8,28,252
1,5,0,2,14,16,0
1,6,0,18,5,4,0
1,0,0,23,38,7,329
1,1,0,21,5,4,327
1,2,0,14,13,15,464
1,3,0,6,11,22,363
2,4,0,19,39,7,221
2,5,0,13,40,29,0
2,6,0,11,4,4,0
2,0,0,24,41,17,273
2,1,0,19,10,29,283
2,2,0,25,42,2,341
2,3,0,5,8,30,394
2,4,0,13,43,31,166
2,5,0,11,9,9,0
2,6,0,26,22,19,0
2,0,0,17,44,32,163
2,1,0,27,23,33,167
2,2,0,28,3,34,178
2,3,0,6,31,35,179
2,4,0,20,45,17,124
2,5,0,19,46,36,0
2,6,0,7,47,37,0
2,0,0,5,15,38,168
2,1,0,20,21,18,189
2,2,0,25,48,8,232
2,3,0,18,49,39,205
2,4,0,14,50,36,135
2,5,0,29,51,17,0
2,6,0,28,43,7,0
2,0,0,11,5,4,142
2,1,0,13,52,30,248
2,2,0,13,53,15,257
2,3,0,22,46,36,163
2,4,0,12,42,1,113
2,5,0,25,11,21,0
2,6,0,6,54,40,0
3,0,0,5,15,38,122
3,1,0,19,11,21,178
3,2,0,5,13,41,212
3,3,0,13,43,15,169
3,4,0,6,7,42,81
3,5,0,20,46,36,0
3,6,0,6,45,26,0
3,0,0,14,55,12,0
3,1,0,19,8,17,0
3,2,0,18,56,4,0
3,3,0,5,3,34,0
3,4,0,30,51,8,0
3,5,0,14,57,1,0
3,6,0,19,58,10,0
3,0,0,11,9,9,149
3,1,0,25,29,43,218
3,2,0,20,59,26,253
3,3,0,15,23,23,190
3,4,0,13,43,41,128
3,5,0,19,60,1,0
3,6,0,17,61,44,0
3,0,0,18,29,15,210
3,1,0,1,30,17,0
3,2,0,11,62,30,304
3,3,0,25,40,45,215
3,4,0,5,63,15,202
3,5,0,6,46,46,0
3,6,0,7,64,27,0
3,0,0,5,65,40,198
3,1,0,15,31,12,215
4,2,0,5,66,8,0
4,3,0,20,67,22,278
4,4,0,13,61,21,166
4,5,0,12,11,29,0
4,6,0,6,68,12,0
4,0,0,0,33,47,174
4,1,0,6,19,4,223
4,2,0,17,2,21,307
4,3,0,19,8,48,299
4,4,0,18,34,49,119
4,5,0,5,63,26,0
4,6,0,30,5,4,0
4,0,0,14,69,50,196
4,1,0,19,70,51,192
4,2,0,2,44,52,290
4,3,0,25,71,44,239
4,4,0,31,2,15,148
4,5,0,13,51,17,0
4,6,0,2,68,26,0
4,0,0,19,72,53,110
4,1,0,17,73,17,102
4,2,0,32,13,7,173
4,3,0,17,74,54,112
4,4,0,15,23,33,126
4,5,0,11,26,22,0
4,6,0,18,4,20,0
4,0,0,19,75,55,99
4,1,0,7,9,9,79
4,2,0,18,76,19,238
4,3,0,29,48,15,179
4,4,0,33,11,49,136
5,5,0,17,37,38,0
5,6,0,4,3,34,0
5,0,0,30,1,36,152
5,1,0,18,5,4,90
5,2,0,17,77,56,159
5,3,0,20,9,57,69
5,4,0,0,10,10,69
5,5,0,1,26,46,0
5,6,0,2,78,21,0
5,0,0,15,71,58,60
5,1,0,4,79,8,35
5,2,0,34,80,54,56
5,3,0,6,15,38,46
5,4,0,35,74,59,28
5,5,0,36,81,21,0
5,6,0,13,82,60,0
5,0,0,19,32,61,0
5,1,0,3,21,29,0
5,2,0,37,83,15,0
5,3,0,25,9,9,0
5,4,0,7,8,15,0
5,5,0,1,49,39,0
5,6,0,19,51,17,0
5,0,0,9,84,62,42
5,1,0,38,85,21,48
5,2,0,35,86,47,47
5,3,0,7,8,15,52
5,4,0,13,87,51,48
5,5,0,16,9,9,0
5,6,0,13,88,63,0
0,0,1,19,41,26,0
0,1,1,39,37,38,0
0,2,1,33,17,37,0
0,3,1,38,21,18,0
0,4,1,13,55,22,0
0,5,1,27,11,30,0
0,6,1,24,46,36,0
0,0,1,21,52,2,0
0,1,1,23,23,23,0
0,2,1,29,89,22,0
0,3,1,19,49,39,0
0,4,1,6,37,38,0
0,5,1,5,22,19,0
0,6,1,39,4,18,0
0,0,1,5,23,20,0
0,1,1,22,46,36,0
0,2,1,7,90,54,0
0,3,1,8,82,64,0
0,4,1,7,4,37,0
0,5,1,19,5,5,0
0,6,1,40,10,10,0
0,0,1,29,52,65,0
0,1,1,10,31,12,0
0,2,1,2,35,0,0
0,3,1,30,55,21,0
0,4,1,11,91,12,0
0,5,1,5,3,3,0
0,6,1,0,4,53,0
0,0,1,10,2,22,0
0,1,1,8,17,21,0
0,2,1,19,18,1,0
1,3,1,13,9,9,0
1,4,1,6,3,3,0
1,5,1,16,50,11,0
1,6,1,7,92,17,0
1,0,1,9,60,16,0
1,1,1,18,49,66,0
1,2,1,6,37,14,0
1,3,1,15,10,10,0
1,4,1,11,5,4,0
1,5,1,19,93,67,0
1,6,1,15,46,46,0
1,0,1,18,94,29,0
1,1,1,1,5,4,0
1,2,1,19,3,3,0
1,3,1,20,19,30,0
1,4,1,5,7,7,0
1,5,1,7,41,17,0
1,6,1,23,52,1,0
1,0,1,7,42,37,0
1,1,1,22,1,15,0
1,2,1,33,29,21,0
1,3,1,8,61,0,0
1,4,1,0,46,36,0
1,5,1,9,23,52,0
1,6,1,4,18,67,0
1,0,1,8,10,10,0
1,1,1,1,95,54,0
1,2,1,5,9,9,0
1,3,1,20,3,3,0
2,4,1,6,59,64,0
2,5,1,8,3,34,0
2,6,1,18,96,50,0
2,0,1,5,55,25,0
2,1,1,6,11,22,0
2,2,1,20,46,36,0
2,3,1,0,63,21,0
2,4,1,7,49,39,0
2,5,1,41,11,1,0
2,6,1,1,97,45,0
2,0,1,30,37,38,0
2,1,1,18,98,21,0
2,2,1,25,73,30,0
2,3,1,29,71,15,0
2,4,1,4,72,7,0
2,5,1,16,99,21,0
2,6,1,13,65,26,0
2,0,1,18,100,68,0
2,1,1,19,101,31,0
2,2,1,34,33,16,0
2,3,1,6,102,64,0
2,4,1,7,103,69,0
2,5,1,42,35,25,0
2,6,1,20,1,37,0
2,0,1,43,104,15,0
2,1,1,16,9,9,0
2,2,1,6,34,44,0
2,3,1,17,73,21,0
2,4,1,8,105,24,0
2,5,1,18,9,9,0
2,6,1,1,87,22,0
3,0,1,0,35,17,0
3,1,1,20,19,4,0
3,2,1,1,10,8,0
3,3,1,18,9,9,0
3,4,1,7,33,41,0
3,5,1,26,63,45,0
3,6,1,4,105,24,0
3,0,1,25,98,51,0
3,1,1,6,49,39,0
3,2,1,20,11,15,0
3,3,1,15,50,53,0
3,4,1,1,1,15,0
3,5,1,18,85,27,0
3,6,1,39,97,1,0
3,0,1,13,10,70,0
3,1,1,4,4,37,0
3,2,1,31,13,17,0
3,3,1,18,106,26,0
3,4,1,7,70,8,0
3,5,1,6,49,39,0
3,6,1,1,95,54,0
3,0,1,20,3,34,0
3,1,1,23,2,37,0
3,2,1,13,22,19,0
3,3,1,30,37,38,0
3,4,1,11,19,4,0
3,5,1,19,107,53,0
3,6,1,14,5,4,0
3,0,1,19,0,7,0
3,1,1,18,21,69,0
4,2,1,7,45,37,0
4,3,1,19,9,9,0
4,4,1,1,49,66,0
4,5,1,18,23,20,0
4,6,1,20,108,1,0
4,0,1,44,109,71,0
4,1,1,4,29,15,0
4,2,1,25,22,27,0
4,3,1,11,83,44,0
4,4,1,20,37,38,0
4,5,1,15,43,17,0
4,6,1,1,66,1,0
4,0,1,18,46,36,0
4,1,1,39,110,7,0
4,2,1,16,31,12,0
4,3,1,4,3,34,0
4,4,1,16,45,33,0
4,5,1,1,111,27,0
4,6,1,18,46,36,0
4,0,1,15,94,29,0
4,1,1,11,69,9,0
4,2,1,7,15,38,0
4,3,1,41,3,34,0
4,4,1,8,35,15,0
4,5,1,30,112,40,0
4,6,1,4,13,37,0
4,0,1,12,21,69,0
4,1,1,14,70,51,0
4,2,1,25,5,4,0
4,3,1,28,100,37,0
4,4,1,18,19,4,0
5,5,1,13,12,26,0
5,6,1,11,40,37,0
5,0,1,19,49,39,0
5,1,1,19,7,7,0
5,2,1,6,74,54,0
5,3,1,7,113,72,0
5,4,1,13,114,44,0
5,5,1,15,115,48,0
5,6,1,41,23,33,0
5,0,1,18,3,34,0
5,1,1,25,116,73,0
5,2,1,13,45,23,0
5,3,1,12,108,17,0
5,4,1,45,117,15,0
5,5,1,6,46,36,0
5,6,1,18,43,5,0
5,0,1,46,118,74,0
5,1,1,18,67,38,0
5,2,1,11,119,48,0
5,3,1,17,2,44,0
5,4,1,20,23,23,0
5,5,1,36,106,58,0
5,6,1,4,31,35,0
5,0,1,6,120,55,0
5,1,1,25,46,36,0
5,2,1,13,19,4,0
5,3,1,18,15,38,0
5,4,1,47,23,23,0
5,5,1,5,91,22,0
5,6,1,11,11,64,0
0,0,0,0,0,0,163
0,1,0,1,1,1,86
0,2,0,2,2,2,171
0,3,0,3,3,3,114
0,4,0,4,4,4,84
0,5,0,5,5,5,3
0,6,0,6,6,6,163
0,0,0,7,7,7,135
0,1,0,8,8,8,125
0,2,0,9,9,9,125
0,3,0,10,10,10,87
0,4,0,11,11,11,88
0,5,0,12,12,12,84
0,6,0,13,3,3,49
0,0,0,6,13,8,81
0,1,0,14,14,2,44
0,2,0,0,7,13,41
0,3,0,11,15,14,46
0,4,0,15,16,15,45
0,5,0,16,17,11,31
0,6,0,9,18,1,35
0,0,0,17,19,16,39
0,1,0,18,20,17,22
0,2,0,6,21,18,19
0,3,0,7,9,9,22
0,4,0,4,5,5,16
0,5,0,18,11,1,17
0,6,0,1,22,19,10
0,0,0,6,1,15,23
0,1,0,11,23,20,20
0,2,0,5,24,17,28
1,3,0,2,25,7,0
1,4,0,19,26,21,0
1,5,0,20,4,0,0
1,6,0,21,0,22,0
1,0,0,1,23,23,2
1,1,0,5,27,24,34
1,2,0,13,28,17,33
1,3,0,8,29,25,38
1,4,0,20,30,15,55
1,5,0,22,31,12,44
1,6,0,23,1,2,83
1,0,0,10,32,1,28
1,1,0,5,33,22,34
1,2,0,5,34,15,37
1,3,0,21,35,26,59
1,4,0,13,9,9,85
1,5,0,6,4,27,106
1,6,0,2,23,23,95
1,0,0,1,36,22,53
1,1,0,18,37,14,0
1,2,0,17,32,17,0
1,3,0,6,21,18,43
1,4,0,19,8,28,123
1,5,0,2,14,16,127
1,6,0,18,5,4,107
1,0,0,23,38,7,57
1,1,0,21,5,4,49
1,2,0,14,13,15,89
1,3,0,6,11,22,68
2,4,0,19,39,7,113
2,5,0,13,40,29,110
2,6,0,11,4,4,113
2,0,0,24,41,17,63
2,1,0,19,10,29,51
2,2,0,25,42,2,69
2,3,0,5,8,30,101
2,4,0,13,43,31,0
2,5,0,11,9,9,0
2,6,0,26,22,19,1
2,0,0,17,44,32,42
2,1,0,27,23,33,29
2,2,0,28,3,34,26
2,3,0,6,31,35,34
2,4,0,20,45,17,53
2,5,0,19,46,36,60
2,6,0,7,47,37,74
2,0,0,5,15,38,38
2,1,0,20,21,18,29
2,2,0,25,48,8,52
2,3,0,18,49,39,41
2,4,0,14,50,36,67
2,5,0,29,51,17,104
2,6,0,28,43,7,78
2,0,0,11,5,4,27
2,1,0,13,52,30,41
2,2,0,13,53,15,47
2,3,0,22,46,36,27
2,4,0,12,42,1,69
2,5,0,25,11,21,71
2,6,0,6,54,40,63
3,0,0,5,15,38,43
3,1,0,19,11,21,37
3,2,0,5,13,41,56
3,3,0,13,43,15,48
3,4,0,6,7,42,56
3,5,0,20,46,36,41
3,6,0,6,45,26,41
3,0,0,14,55,12,33
3,1,0,19,8,17,34
3,2,0,18,56,4,23
3,3,0,5,3,34,18
3,4,0,30,51,8,25
3,5,0,14,57,1,38
3,6,0,19,58,10,46
3,0,0,11,9,9,42
3,1,0,25,29,43,63
3,2,0,20,59,26,73
3,3,0,15,23,23,39
3,4,0,13,43,41,72
3,5,0,19,60,1,103
3,6,0,17,61,44,0
3,0,0,18,29,15,0
3,1,0,1,30,17,0
3,2,0,11,62,30,0
3,3,0,25,40,45,0
3,4,0,5,63,15,102
3,5,0,6,46,46,73
3,6,0,7,64,27,0
3,0,0,5,65,40,77
3,1,0,15,31,12,54
4,2,0,5,66,8,141
4,3,0,20,67,22,20
4,4,0,13,61,21,104
4,5,0,12,11,29,115
4,6,0,6,68,12,116
4,0,0,0,33,47,55
4,1,0,6,19,4,88
4,2,0,17,2,21,89
4,3,0,19,8,48,101
4,4,0,18,34,49,94
4,5,0,5,63,26,116
4,6,0,30,5,4,69
4,0,0,14,69,50,60
4,1,0,19,70,51,98
4,2,0,2,44,52,87
4,3,0,25,71,44,100
4,4,0,31,2,15,93
4,5,0,13,51,17,119
4,6,0,2,68,26,120
4,0,0,19,72,53,127
4,1,0,17,73,17,95
4,2,0,32,13,7,61
4,3,0,17,74,54,111
4,4,0,15,23,33,89
4,5,0,11,26,22,84
4,6,0,18,4,20,116
4,0,0,19,75,55,92
4,1,0,7,9,9,98
4,2,0,18,76,19,8
4,3,0,29,48,15,121
4,4,0,33,11,49,113
5,5,0,17,37,38,92
5,6,0,4,3,34,81
5,0,0,30,1,36,91
5,1,0,18,5,4,78
5,2,0,17,77,56,87
5,3,0,20,9,57,79
5,4,0,0,10,10,54
5,5,0,1,26,46,41
5,6,0,2,78,21,37
5,0,0,15,71,58,25
5,1,0,4,79,8,31
5,2,0,34,80,54,28
5,3,0,6,15,38,14
5,4,0,35,74,59,15
5,5,0,36,81,21,6
5,6,0,13,82,60,8
5,0,0,19,32,61,9
5,1,0,3,21,29,0
5,2,0,37,83,15,0
5,3,0,25,9,9,0
5,4,0,7,8,15,0
5,5,0,1,49,39,0
5,6,0,19,51,17,8
5,0,0,9,84,62,16
5,1,0,38,85,21,17
5,2,0,35,86,47,14
5,3,0,7,8,15,22
5,4,0,13,87,51,14
5,5,0,16,9,9,7
5,6,0,13,88,63,12
0,0,1,19,41,26,180
0,1,1,39,37,38,110
0,2,1,33,17,37,150
0,3,1,38,21,18,116
0,4,1,13,55,22,105
0,5,1,27,11,30,1
0,6,1,24,46,36,119
0,0,1,21,52,2,118
0,1,1,23,23,23,85
0,2,1,29,89,22,136
0,3,1,19,49,39,75
0,4,1,6,37,38,65
0,5,1,5,22,19,39
0,6,1,39,4,18,39
0,0,1,5,23,20,29
0,1,1,22,46,36,22
0,2,1,7,90,54,32
0,3,1,8,82,64,15
0,4,1,7,4,37,20
0,5,1,19,5,5,29
0,6,1,40,10,10,25
0,0,1,29,52,65,16
0,1,1,10,31,12,8
0,2,1,2,35,0,14
0,3,1,30,55,21,7
0,4,1,11,91,12,10
0,5,1,5,3,3,13
0,6,1,0,4,53,13
0,0,1,10,2,22,12
0,1,1,8,17,21,11
0,2,1,19,18,1,14
1,3,1,13,9,9,0
1,4,1,6,3,3,0
1,5,1,16,50,11,0
1,6,1,7,92,17,0
1,0,1,9,60,16,15
1,1,1,18,49,66,19
1,2,1,6,37,14,27
1,3,1,15,10,10,25
1,4,1,11,5,4,38
1,5,1,19,93,67,68
1,6,1,15,46,46,88
1,0,1,18,94,29,71
1,1,1,1,5,4,70
1,2,1,19,3,3,76
1,3,1,20,19,30,76
1,4,1,5,7,7,98
1,5,1,7,41,17,116
1,6,1,23,52,1,151
1,0,1,7,42,37,98
1,1,1,22,1,15,0
1,2,1,33,29,21,0
1,3,1,8,61,0,81
1,4,1,0,46,36,6
1,5,1,9,23,52,82
1,6,1,4,18,67,151
1,0,1,8,10,10,72
1,1,1,1,95,54,82
1,2,1,5,9,9,83
1,3,1,20,3,3,55
2,4,1,6,59,64,80
2,5,1,8,3,34,77
2,6,1,18,96,50,133
2,0,1,5,55,25,103
2,1,1,6,11,22,81
2,2,1,20,46,36,49
2,3,1,0,63,21,76
2,4,1,7,49,39,1
2,5,1,41,11,1,0
2,6,1,1,97,45,62
2,0,1,30,37,38,87
2,1,1,18,98,21,98
2,2,1,25,73,30,115
2,3,1,29,71,15,91
2,4,1,4,72,7,109
2,5,1,16,99,21,145
2,6,1,13,65,26,61
2,0,1,18,100,68,112
2,1,1,19,101,31,81
2,2,1,34,33,16,93
2,3,1,6,102,64,83
2,4,1,7,103,69,100
2,5,1,42,35,25,123
2,6,1,20,1,37,144
2,0,1,43,104,15,107
2,1,1,16,9,9,94
2,2,1,6,34,44,98
2,3,1,17,73,21,105
2,4,1,8,105,24,63
2,5,1,18,9,9,120
2,6,1,1,87,22,121
3,0,1,0,35,17,99
3,1,1,20,19,4,65
3,2,1,1,10,8,71
3,3,1,18,9,9,60
3,4,1,7,33,41,37
3,5,1,26,63,45,56
3,6,1,4,105,24,43
3,0,1,25,98,51,27
3,1,1,6,49,39,21
3,2,1,20,11,15,25
3,3,1,15,50,53,30
3,4,1,1,1,15,22
3,5,1,18,85,27,34
3,6,1,39,97,1,79
3,0,1,13,10,70,49
3,1,1,4,4,37,50
3,2,1,31,13,17,83
3,3,1,18,106,26,62
3,4,1,7,70,8,67
3,5,1,6,49,39,100
3,6,1,1,95,54,0
3,0,1,20,3,34,0
3,1,1,23,2,37,0
3,2,1,13,22,19,0
3,3,1,30,37,38,4
3,4,1,11,19,4,65
3,5,1,19,107,53,116
3,6,1,14,5,4,0
3,0,1,19,0,7,89
3,1,1,18,21,69,50
4,2,1,7,45,37,78
4,3,1,19,9,9,51
4,4,1,1,49,66,69
4,5,1,18,23,20,86
4,6,1,20,108,1,103
4,0,1,44,109,71,59
4,1,1,4,29,15,75
4,2,1,25,22,27,38
4,3,1,11,83,44,79
4,4,1,20,37,38,69
4,5,1,15,43,17,91
4,6,1,1,66,1,114
4,0,1,18,46,36,59
4,1,1,39,110,7,93
4,2,1,16,31,12,45
4,3,1,4,3,34,56
4,4,1,16,45,33,60
4,5,1,1,111,27,111
4,6,1,18,46,36,62
4,0,1,15,94,29,91
4,1,1,11,69,9,112
4,2,1,7,15,38,62
4,3,1,41,3,34,73
4,4,1,8,35,15,121
4,5,1,30,112,40,65
4,6,1,4,13,37,147
4,0,1,12,21,69,80
4,1,1,14,70,51,75
4,2,1,25,5,4,69
4,3,1,28,100,37,70
4,4,1,18,19,4,90
5,5,1,13,12,26,112
5,6,1,11,40,37,110
5,0,1,19,49,39,62
5,1,1,19,7,7,74
5,2,1,6,74,54,37
5,3,1,7,113,72,49
5,4,1,13,114,44,52
5,5,1,15,115,48,22
5,6,1,41,23,33,22
5,0,1,18,3,34,10
5,1,1,25,116,73,9
5,2,1,13,45,23,8
5,3,1,12,108,17,9
5,4,1,45,117,15,8
5,5,1,6,46,36,6
5,6,1,18,43,5,10
5,0,1,46,118,74,5
5,1,1,18,67,38,0
5,2,1,11,119,48,0
5,3,1,17,2,44,0
5,4,1,20,23,23,0
5,5,1,36,106,58,6
5,6,1,4,31,35,6
5,0,1,6,120,55,16
5,1,1,25,46,36,1
5,2,1,13,19,4,2
5,3,1,18,15,38,2
5,4,1,47,23,23,1
5,5,1,5,91,22,9
5,6,1,11,11,64,1
0,0,0,0,0,0,162
0,1,0,1,1,1,171
0,2,0,2,2,2,231
0,3,0,3,3,3,106
0,4,0,4,4,4,167
0,5,0,5,5,5,39
0,6,0,6,6,6,220
0,0,0,7,7,7,153
0,1,0,8,8,8,357
0,2,0,9,9,9,205
0,3,0,10,10,10,167
0,4,0,11,11,11,162
0,5,0,12,12,12,115
0,6,0,13,3,3,35
0,0,0,6,13,8,176
0,1,0,14,14,2,122
0,2,0,0,7,13,83
0,3,0,11,15,14,78
0,4,0,15,16,15,112
0,5,0,16,17,11,17
0,6,0,9,18,1,10
0,0,0,17,19,16,73
0,1,0,18,20,17,67
0,2,0,6,21,18,51
0,3,0,7,9,9,52
0,4,0,4,5,5,46
0,5,0,18,11,1,7
0,6,0,1,22,19,3
0,0,0,6,1,15,73
0,1,0,11,23,20,57
0,2,0,5,24,17,77
1,3,0,2,25,7,60
1,4,0,19,26,21,84
1,5,0,20,4,0,17
1,6,0,21,0,22,28
1,0,0,1,23,23,61
1,1,0,5,27,24,76
1,2,0,13,28,17,96
1,3,0,8,29,25,110
1,4,0,20,30,15,108
1,5,0,22,31,12,52
1,6,0,23,1,2,145
1,0,0,10,32,1,186
1,1,0,5,33,22,146
1,2,0,5,34,15,173
1,3,0,21,35,26,212
1,4,0,13,9,9,134
1,5,0,6,4,27,157
1,6,0,2,23,23,98
1,0,0,1,36,22,147
1,1,0,18,37,14,111
1,2,0,17,32,17,186
1,3,0,6,21,18,114
1,4,0,19,8,28,228
1,5,0,2,14,16,218
1,6,0,18,5,4,119
1,0,0,23,38,7,151
1,1,0,21,5,4,88
1,2,0,14,13,15,210
1,3,0,6,11,22,164
2,4,0,19,39,7,169
2,5,0,13,40,29,181
2,6,0,11,4,4,144
2,0,0,24,41,17,137
2,1,0,19,10,29,153
2,2,0,25,42,2,190
2,3,0,5,8,30,204
2,4,0,13,43,31,160
2,5,0,11,9,9,126
2,6,0,26,22,19,81
2,0,0,17,44,32,95
2,1,0,27,23,33,65
2,2,0,28,3,34,34
2,3,0,6,31,35,65
2,4,0,20,45,17,84
2,5,0,19,46,36,40
2,6,0,7,47,37,73
2,0,0,5,15,38,70
2,1,0,20,21,18,79
2,2,0,25,48,8,104
2,3,0,18,49,39,65
2,4,0,14,50,36,106
2,5,0,29,51,17,121
2,6,0,28,43,7,99
2,0,0,11,5,4,59
2,1,0,13,52,30,89
2,2,0,13,53,15,119
2,3,0,22,46,36,65
2,4,0,12,42,1,112
2,5,0,25,11,21,104
2,6,0,6,54,40,81
3,0,0,5,15,38,65
3,1,0,19,11,21,88
3,2,0,5,13,41,86
3,3,0,13,43,15,89
3,4,0,6,7,42,95
3,5,0,20,46,36,24
3,6,0,6,45,26,18
3,0,0,14,55,12,14
3,1,0,19,8,17,20
3,2,0,18,56,4,17
3,3,0,5,3,34,7
3,4,0,30,51,8,19
3,5,0,14,57,1,43
3,6,0,19,58,10,83
3,0,0,11,9,9,108
3,1,0,25,29,43,143
3,2,0,20,59,26,127
3,3,0,15,23,23,86
3,4,0,13,43,41,137
3,5,0,19,60,1,180
3,6,0,17,61,44,194
3,0,0,18,29,15,161
3,1,0,1,30,17,230
3,2,0,11,62,30,149
3,3,0,25,40,45,172
3,4,0,5,63,15,160
3,5,0,6,46,46,87
3,6,0,7,64,27,191
3,0,0,5,65,40,157
3,1,0,15,31,12,118
4,2,0,5,66,8,271
4,3,0,20,67,22,174
4,4,0,13,61,21,205
4,5,0,12,11,29,202
4,6,0,6,68,12,158
4,0,0,0,33,47,145
4,1,0,6,19,4,144
4,2,0,17,2,21,129
4,3,0,19,8,48,223
4,4,0,18,34,49,195
4,5,0,5,63,26,183
4,6,0,30,5,4,100
4,0,0,14,69,50,167
4,1,0,19,70,51,214
4,2,0,2,44,52,245
4,3,0,25,71,44,192
4,4,0,31,2,15,212
4,5,0,13,51,17,185
4,6,0,2,68,26,160
4,0,0,19,72,53,221
4,1,0,17,73,17,277
4,2,0,32,13,7,319
4,3,0,17,74,54,180
4,4,0,15,23,33,150
4,5,0,11,26,22,173
4,6,0,18,4,20,112
4,0,0,19,75,55,287
4,1,0,7,9,9,58
4,2,0,18,76,19,274
4,3,0,29,48,15,191
4,4,0,33,11,49,208
5,5,0,17,37,38,70
5,6,0,4,3,34,43
5,0,0,30,1,36,147
5,1,0,18,5,4,75
5,2,0,17,77,56,125
5,3,0,20,9,57,97
5,4,0,0,10,10,108
5,5,0,1,26,46,34
5,6,0,2,78,21,25
5,0,0,15,71,58,67
5,1,0,4,79,8,57
5,2,0,34,80,54,55
5,3,0,6,15,38,58
5,4,0,35,74,59,49
5,5,0,36,81,21,2
5,6,0,13,82,60,1
5,0,0,19,32,61,1
5,1,0,3,21,29,0
5,2,0,37,83,15,0
5,3,0,25,9,9,1
5,4,0,7,8,15,3
5,5,0,1,49,39,7
5,6,0,19,51,17,38
5,0,0,9,84,62,91
5,1,0,38,85,21,105
5,2,0,35,86,47,104
5,3,0,7,8,15,105
5,4,0,13,87,51,131
5,5,0,16,9,9,68
5,6,0,13,88,63,79
0,0,1,19,41,26,219
0,1,1,39,37,38,227
0,2,1,33,17,37,261
0,3,1,38,21,18,156
0,4,1,13,55,22,250
0,5,1,27,11,30,207
0,6,1,24,46,36,131
0,0,1,21,52,2,278
0,1,1,23,23,23,135
0,2,1,29,89,22,240
0,3,1,19,49,39,127
0,4,1,6,37,38,81
0,5,1,5,22,19,39
0,6,1,39,4,18,67
0,0,1,5,23,20,52
0,1,1,22,46,36,30
0,2,1,7,90,54,30
0,3,1,8,82,64,34
0,4,1,7,4,37,28
0,5,1,19,5,5,13
0,6,1,40,10,10,15
0,0,1,29,52,65,12
0,1,1,10,31,12,6
0,2,1,2,35,0,13
0,3,1,30,55,21,21
0,4,1,11,91,12,14
0,5,1,5,3,3,9
0,6,1,0,4,53,7
0,0,1,10,2,22,14
0,1,1,8,17,21,19
0,2,1,19,18,1,14
1,3,1,13,9,9,16
1,4,1,6,3,3,9
1,5,1,16,50,11,21
1,6,1,7,92,17,42
1,0,1,9,60,16,58
1,1,1,18,49,66,44
1,2,1,6,37,14,50
1,3,1,15,10,10,57
1,4,1,11,5,4,51
1,5,1,19,93,67,113
1,6,1,15,46,46,123
1,0,1,18,94,29,175
1,1,1,1,5,4,176
1,2,1,19,3,3,132
1,3,1,20,19,30,209
1,4,1,5,7,7,208
1,5,1,7,41,17,135
1,6,1,23,52,1,250
1,0,1,7,42,37,275
1,1,1,22,1,15,191
1,2,1,33,29,21,242
1,3,1,8,61,0,226
1,4,1,0,46,36,82
1,5,1,9,23,52,72
1,6,1,4,18,67,219
1,0,1,8,10,10,201
1,1,1,1,95,54,151
1,2,1,5,9,9,156
1,3,1,20,3,3,101
2,4,1,6,59,64,154
2,5,1,8,3,34,70
2,6,1,18,96,50,144
2,0,1,5,55,25,279
2,1,1,6,11,22,271
2,2,1,20,46,36,83
2,3,1,0,63,21,203
2,4,1,7,49,39,131
2,5,1,41,11,1,145
2,6,1,1,97,45,157
2,0,1,30,37,38,207
2,1,1,18,98,21,8
2,2,1,25,73,30,272
2,3,1,29,71,15,208
2,4,1,4,72,7,221
2,5,1,16,99,21,174
2,6,1,13,65,26,250
2,0,1,18,100,68,217
2,1,1,19,101,31,291
2,2,1,34,33,16,202
2,3,1,6,102,64,227
2,4,1,7,103,69,194
2,5,1,42,35,25,190
2,6,1,20,1,37,190
2,0,1,43,104,15,299
2,1,1,16,9,9,206
2,2,1,6,34,44,183
2,3,1,17,73,21,223
2,4,1,8,105,24,79
2,5,1,18,9,9,81
2,6,1,1,87,22,161
3,0,1,0,35,17,209
3,1,1,20,19,4,129
3,2,1,1,10,8,101
3,3,1,18,9,9,89
3,4,1,7,33,41,76
3,5,1,26,63,45,45
3,6,1,4,105,24,20
3,0,1,25,98,51,23
3,1,1,6,49,39,7
3,2,1,20,11,15,15
3,3,1,15,50,53,12
3,4,1,1,1,15,22
3,5,1,18,85,27,50
3,6,1,39,97,1,114
3,0,1,13,10,70,144
3,1,1,4,4,37,152
3,2,1,31,13,17,229
3,3,1,18,106,26,178
3,4,1,7,70,8,124
3,5,1,6,49,39,124
3,6,1,1,95,54,98
3,0,1,20,3,34,82
3,1,1,23,2,37,274
3,2,1,13,22,19,97
3,3,1,30,37,38,143
3,4,1,11,19,4,127
3,5,1,19,107,53,152
3,6,1,14,5,4,136
3,0,1,19,0,7,254
3,1,1,18,21,69,122
4,2,1,7,45,37,156
4,3,1,19,9,9,132
4,4,1,1,49,66,128
4,5,1,18,23,20,86
4,6,1,20,108,1,167
4,0,1,44,109,71,94
4,1,1,4,29,15,246
4,2,1,25,22,27,50
4,3,1,11,83,44,233
4,4,1,20,37,38,78
4,5,1,15,43,17,140
4,6,1,1,66,1,161
4,0,1,18,46,36,72
4,1,1,39,110,7,181
4,2,1,16,31,12,66
4,3,1,4,3,34,50
4,4,1,16,45,33,106
4,5,1,1,111,27,130
4,6,1,18,46,36,65
4,0,1,15,94,29,89
4,1,1,11,69,9,173
4,2,1,7,15,38,119
4,3,1,41,3,34,62
4,4,1,8,35,15,213
4,5,1,30,112,40,120
4,6,1,4,13,37,209
4,0,1,12,21,69,147
4,1,1,14,70,51,81
4,2,1,25,5,4,70
4,3,1,28,100,37,119
4,4,1,18,19,4,62
5,5,1,13,12,26,105
5,6,1,11,40,37,62
5,0,1,19,49,39,47
5,1,1,19,7,7,40
5,2,1,6,74,54,27
5,3,1,7,113,72,35
5,4,1,13,114,44,32
5,5,1,15,115,48,15
5,6,1,41,23,33,1
5,0,1,18,3,34,6
5,1,1,25,116,73,10
5,2,1,13,45,23,11
5,3,1,12,108,17,8
5,4,1,45,117,15,7
5,5,1,6,46,36,1
5,6,1,18,43,5,0
5,0,1,46,118,74,2
5,1,1,18,67,38,3
5,2,1,11,119,48,1
5,3,1,17,2,44,1
5,4,1,20,23,23,4
5,5,1,36,106,58,22
5,6,1,4,31,35,29
5,0,1,6,120,55,66
5,1,1,25,46,36,55
5,2,1,13,19,4,64
5,3,1,18,15,38,64
5,4,1,47,23,23,41
5,5,1,5,91,22,65
5,6,1,11,11,64,74
0,0,0,0,0,0,65
0,1,0,1,1,1,1007
0,2,0,2,2,2,1005
0,3,0,3,3,3,733
0,4,0,4,4,4,732
0,5,0,5,5,5,82
0,6,0,6,6,6,149
0,0,0,7,7,7,859
0,1,0,8,8,8,636
0,2,0,9,9,9,380
0,3,0,10,10,10,508
0,4,0,11,11,11,407
0,5,0,12,12,12,66
0,6,0,13,3,3,33
0,0,0,6,13,8,170
0,1,0,14,14,2,158
0,2,0,0,7,13,167
0,3,0,11,15,14,100
0,4,0,15,16,15,76
0,5,0,16,17,11,8
0,6,0,9,18,1,3
0,0,0,17,19,16,31
0,1,0,18,20,17,32
0,2,0,6,21,18,18
0,3,0,7,9,9,18
0,4,0,4,5,5,15
0,5,0,18,11,1,4
0,6,0,1,22,19,0
0,0,0,6,1,15,16
0,1,0,11,23,20,22
0,2,0,5,24,17,33
1,3,0,2,25,7,32
1,4,0,19,26,21,20
1,5,0,20,4,0,8
1,6,0,21,0,22,10
1,0,0,1,23,23,139
1,1,0,5,27,24,191
1,2,0,13,28,17,197
1,3,0,8,29,25,203
1,4,0,20,30,15,225
1,5,0,22,31,12,35
1,6,0,23,1,2,61
1,0,0,10,32,1,979
1,1,0,5,33,22,1059
1,2,0,5,34,15,1050
1,3,0,21,35,26,990
1,4,0,13,9,9,730
1,5,0,6,4,27,103
1,6,0,2,23,23,72
1,0,0,1,36,22,1117
1,1,0,18,37,14,865
1,2,0,17,32,17,1132
1,3,0,6,21,18,817
1,4,0,19,8,28,990
1,5,0,2,14,16,120
1,6,0,18,5,4,91
1,0,0,23,38,7,1003
1,1,0,21,5,4,844
1,2,0,14,13,15,1136
1,3,0,6,11,22,1042
2,4,0,19,39,7,940
2,5,0,13,40,29,83
2,6,0,11,4,4,75
2,0,0,24,41,17,864
2,1,0,19,10,29,874
2,2,0,25,42,2,907
2,3,0,5,8,30,1055
2,4,0,13,43,31,823
2,5,0,11,9,9,80
2,6,0,26,22,19,73
2,0,0,17,44,32,636
2,1,0,27,23,33,445
2,2,0,28,3,34,468
2,3,0,6,31,35,341
2,4,0,20,45,17,434
2,5,0,19,46,36,43
2,6,0,7,47,37,54
2,0,0,5,15,38,507
2,1,0,20,21,18,520
2,2,0,25,48,8,671
2,3,0,18,49,39,627
2,4,0,14,50,36,563
2,5,0,29,51,17,110
2,6,0,28,43,7,78
2,0,0,11,5,4,531
2,1,0,13,52,30,704
2,2,0,13,53,15,583
2,3,0,22,46,36,449
2,4,0,12,42,1,505
2,5,0,25,11,21,66
2,6,0,6,54,40,38
3,0,0,5,15,38,396
3,1,0,19,11,21,564
3,2,0,5,13,41,657
3,3,0,13,43,15,411
3,4,0,6,7,42,149
3,5,0,20,46,36,16
3,6,0,6,45,26,11
3,0,0,14,55,12,4
3,1,0,19,8,17,9
3,2,0,18,56,4,3
3,3,0,5,3,34,1
3,4,0,30,51,8,4
3,5,0,14,57,1,17
3,6,0,19,58,10,35
3,0,0,11,9,9,743
3,1,0,25,29,43,911
3,2,0,20,59,26,919
3,3,0,15,23,23,656
3,4,0,13,43,41,783
3,5,0,19,60,1,109
3,6,0,17,61,44,106
3,0,0,18,29,15,856
3,1,0,1,30,17,116
3,2,0,11,62,30,1088
3,3,0,25,40,45,832
3,4,0,5,63,15,914
3,5,0,6,46,46,65
3,6,0,7,64,27,88
3,0,0,5,65,40,931
3,1,0,15,31,12,568
4,2,0,5,66,8,205
4,3,0,20,67,22,853
4,4,0,13,61,21,722
4,5,0,12,11,29,97
4,6,0,6,68,12,102
4,0,0,0,33,47,693
4,1,0,6,19,4,805
4,2,0,17,2,21,755
4,3,0,19,8,48,838
4,4,0,18,34,49,682
4,5,0,5,63,26,134
4,6,0,30,5,4,85
4,0,0,14,69,50,748
4,1,0,19,70,51,360
4,2,0,2,44,52,519
4,3,0,25,71,44,588
4,4,0,31,2,15,501
4,5,0,13,51,17,121
4,6,0,2,68,26,90
4,0,0,19,72,53,339
4,1,0,17,73,17,183
4,2,0,32,13,7,264
4,3,0,17,74,54,195
4,4,0,15,23,33,99
4,5,0,11,26,22,120
4,6,0,18,4,20,66
4,0,0,19,75,55,237
4,1,0,7,9,9,50
4,2,0,18,76,19,213
4,3,0,29,48,15,194
4,4,0,33,11,49,149
5,5,0,17,37,38,59
5,6,0,4,3,34,36
5,0,0,30,1,36,84
5,1,0,18,5,4,76
5,2,0,17,77,56,87
5,3,0,20,9,57,67
5,4,0,0,10,10,60
5,5,0,1,26,46,16
5,6,0,2,78,21,5
5,0,0,15,71,58,22
5,1,0,4,79,8,31
5,2,0,34,80,54,25
5,3,0,6,15,38,10
5,4,0,35,74,59,21
5,5,0,36,81,21,0
5,6,0,13,82,60,2
5,0,0,19,32,61,0
5,1,0,3,21,29,0
5,2,0,37,83,15,0
5,3,0,25,9,9,2
5,4,0,7,8,15,3
5,5,0,1,49,39,7
5,6,0,19,51,17,31
5,0,0,9,84,62,143
5,1,0,38,85,21,127
5,2,0,35,86,47,159
5,3,0,7,8,15,156
5,4,0,13,87,51,81
5,5,0,16,9,9,51
5,6,0,13,88,63,61
0,0,1,19,41,26,113
0,1,1,39,37,38,236
0,2,1,33,17,37,222
0,3,1,38,21,18,129
0,4,1,13,55,22,196
0,5,1,27,11,30,119
0,6,1,24,46,36,104
0,0,1,21,52,2,200
0,1,1,23,23,23,116
0,2,1,29,89,22,170
0,3,1,19,49,39,107
0,4,1,6,37,38,63
0,5,1,5,22,19,44
0,6,1,39,4,18,48
0,0,1,5,23,20,32
0,1,1,22,46,36,21
0,2,1,7,90,54,43
0,3,1,8,82,64,17
0,4,1,7,4,37,6
0,5,1,19,5,5,1
0,6,1,40,10,10,6
0,0,1,29,52,65,4
0,1,1,10,31,12,2
0,2,1,2,35,0,6
0,3,1,30,55,21,5
0,4,1,11,91,12,2
0,5,1,5,3,3,3
0,6,1,0,4,53,3
0,0,1,10,2,22,5
0,1,1,8,17,21,7
0,2,1,19,18,1,6
1,3,1,13,9,9,4
1,4,1,6,3,3,5
1,5,1,16,50,11,6
1,6,1,7,92,17,22
1,0,1,9,60,16,32
1,1,1,18,49,66,35
1,2,1,6,37,14,40
1,3,1,15,10,10,46
1,4,1,11,5,4,34
1,5,1,19,93,67,76
1,6,1,15,46,46,98
1,0,1,18,94,29,149
1,1,1,1,5,4,176
1,2,1,19,3,3,142
1,3,1,20,19,30,172
1,4,1,5,7,7,108
1,5,1,7,41,17,89
1,6,1,23,52,1,170
1,0,1,7,42,37,196
1,1,1,22,1,15,185
1,2,1,33,29,21,246
1,3,1,8,61,0,146
1,4,1,0,46,36,93
1,5,1,9,23,52,77
1,6,1,4,18,67,148
1,0,1,8,10,10,153
1,1,1,1,95,54,165
1,2,1,5,9,9,203
1,3,1,20,3,3,113
2,4,1,6,59,64,95
2,5,1,8,3,34,44
2,6,1,18,96,50,139
2,0,1,5,55,25,233
2,1,1,6,11,22,256
2,2,1,20,46,36,110
2,3,1,0,63,21,210
2,4,1,7,49,39,105
2,5,1,41,11,1,85
2,6,1,1,97,45,132
2,0,1,30,37,38,151
2,1,1,18,98,21,47
2,2,1,25,73,30,205
2,3,1,29,71,15,152
2,4,1,4,72,7,144
2,5,1,16,99,21,106
2,6,1,13,65,26,166
2,0,1,18,100,68,155
2,1,1,19,101,31,210
2,2,1,34,33,16,189
2,3,1,6,102,64,160
2,4,1,7,103,69,95
2,5,1,42,35,25,118
2,6,1,20,1,37,119
2,0,1,43,104,15,281
2,1,1,16,9,9,197
2,2,1,6,34,44,179
2,3,1,17,73,21,160
2,4,1,8,105,24,91
2,5,1,18,9,9,56
2,6,1,1,87,22,114
3,0,1,0,35,17,188
3,1,1,20,19,4,109
3,2,1,1,10,8,86
3,3,1,18,9,9,57
3,4,1,7,33,41,23
3,5,1,26,63,45,28
3,6,1,4,105,24,12
3,0,1,25,98,51,5
3,1,1,6,49,39,6
3,2,1,20,11,15,2
3,3,1,15,50,53,1
3,4,1,1,1,15,5
3,5,1,18,85,27,26
3,6,1,39,97,1,77
3,0,1,13,10,70,103
3,1,1,4,4,37,156
3,2,1,31,13,17,254
3,3,1,18,106,26,226
3,4,1,7,70,8,132
3,5,1,6,49,39,124
3,6,1,1,95,54,103
3,0,1,20,3,34,104
3,1,1,23,2,37,219
3,2,1,13,22,19,138
3,3,1,30,37,38,113
3,4,1,11,19,4,63
3,5,1,19,107,53,105
3,6,1,14,5,4,118
3,0,1,19,0,7,226
3,1,1,18,21,69,134
4,2,1,7,45,37,125
4,3,1,19,9,9,128
4,4,1,1,49,66,120
4,5,1,18,23,20,58
4,6,1,20,108,1,107
4,0,1,44,109,71,123
4,1,1,4,29,15,211
4,2,1,25,22,27,49
4,3,1,11,83,44,241
4,4,1,20,37,38,80
4,5,1,15,43,17,94
4,6,1,1,66,1,114
4,0,1,18,46,36,128
4,1,1,39,110,7,163
4,2,1,16,31,12,70
4,3,1,4,3,34,53
4,4,1,16,45,33,100
4,5,1,1,111,27,59
4,6,1,18,46,36,58
4,0,1,15,94,29,64
4,1,1,11,69,9,126
4,2,1,7,15,38,91
4,3,1,41,3,34,35
4,4,1,8,35,15,161
4,5,1,30,112,40,103
4,6,1,4,13,37,173
4,0,1,12,21,69,151
4,1,1,14,70,51,80
4,2,1,25,5,4,49
4,3,1,28,100,37,48
4,4,1,18,19,4,59
5,5,1,13,12,26,73
5,6,1,11,40,37,46
5,0,1,19,49,39,41
5,1,1,19,7,7,22
5,2,1,6,74,54,26
5,3,1,7,113,72,26
5,4,1,13,114,44,25
5,5,1,15,115,48,7
5,6,1,41,23,33,0
5,0,1,18,3,34,0
5,1,1,25,116,73,0
5,2,1,13,45,23,1
5,3,1,12,108,17,0
5,4,1,45,117,15,0
5,5,1,6,46,36,0
5,6,1,18,43,5,0
5,0,1,46,118,74,0
5,1,1,18,67,38,2
5,2,1,11,119,48,0
5,3,1,17,2,44,0
5,4,1,20,23,23,0
5,5,1,36,106,58,12
5,6,1,4,31,35,26
5,0,1,6,120,55,70
5,1,1,25,46,36,37
5,2,1,13,19,4,83
5,3,1,18,15,38,52
5,4,1,47,23,23,55
5,5,1,5,91,22,67
5,6,1,11,11,64,53
6,0,0,3,113,75,17
6,0,0,3,113,75,268
6,0,0,3,113,75,106
6,0,0,3,113,75,29
6,0,0,3,113,75,20
6,0,0,3,113,75,54
6,1,0,7,121,76,32
6,1,0,7,121,76,241
6,1,0,7,121,76,114
6,1,0,7,121,76,44
6,1,0,7,121,76,11
6,1,0,7,121,76,50
6,2,0,16,122,15,28
6,2,0,16,122,15,281
6,2,0,16,122,15,138
6,2,0,16,122,15,52
6,2,0,16,122,15,14
6,2,0,16,122,15,56
6,3,0,13,73,21,22
6,3,0,13,73,21,249
6,3,0,13,73,21,125
6,3,0,13,73,21,34
6,3,0,13,73,21,12
6,3,0,13,73,21,47
6,4,0,5,24,77,29
6,4,0,5,24,77,313
6,4,0,5,24,77,150
6,4,0,5,24,77,37
6,4,0,5,24,77,15
6,4,0,5,24,77,62
6,0,0,12,123,78,47
6,0,0,12,123,78,351
6,0,0,12,123,78,85
6,0,0,12,123,78,42
6,0,0,12,123,78,17
6,0,0,12,123,78,61
6,1,0,48,9,9,34
6,1,0,48,9,9,243
6,1,0,48,9,9,50
6,1,0,48,9,9,32
6,1,0,48,9,9,12
6,1,0,48,9,9,58
6,2,0,49,2,53,57
6,2,0,49,2,53,295
6,2,0,49,2,53,86
6,2,0,49,2,53,48
6,2,0,49,2,53,17
6,2,0,49,2,53,60
6,3,0,34,124,76,30
6,3,0,34,124,76,317
6,3,0,34,124,76,94
6,3,0,34,124,76,36
6,3,0,34,124,76,22
6,3,0,34,124,76,62
6,4,0,19,125,58,29
6,4,0,19,125,58,250
6,4,0,19,125,58,67
6,4,0,19,125,58,41
6,4,0,19,125,58,11
6,4,0,19,125,58,59
6,0,0,18,13,15,35
6,0,0,18,13,15,407
6,0,0,18,13,15,107
6,0,0,18,13,15,70
6,0,0,18,13,15,14
6,0,0,18,13,15,69
6,1,0,33,29,79,31
6,1,0,33,29,79,386
6,1,0,33,29,79,7
6,1,0,33,29,79,45
6,1,0,33,29,79,9
6,1,0,33,29,79,61
6,2,0,5,126,77,38
6,2,0,5,126,77,411
6,2,0,5,126,77,131
6,2,0,5,126,77,66
6,2,0,5,126,77,17
6,2,0,5,126,77,68
6,3,0,11,23,52,58
6,3,0,11,23,52,267
6,3,0,11,23,52,111
6,3,0,11,23,52,46
6,3,0,11,23,52,18
6,3,0,11,23,52,53
6,4,0,18,123,7,66
6,5,1,25,50,80,1
6,0,0,49,11,36,231
6,1,0,3,37,38,256
6,2,0,17,44,8,360
6,3,0,19,1,60,290
6,4,0,25,8,17,205
6,0,0,23,2,23,350
7,1,0,19,82,8,408
7,2,0,5,66,79,367
7,3,0,3,0,81,347
7,4,0,17,8,82,205
7,4,0,17,8,82,34
7,0,0,25,10,26,297
7,1,0,20,42,60,452
7,2,0,13,126,15,366
7,3,0,15,127,44,300
7,4,0,1,71,2,180
7,0,0,19,123,7,361
7,1,0,50,5,5,331
7,2,0,14,83,83,366
7,3,0,6,1,15,313
7,4,0,1,13,60,147
7,0,0,5,19,4,267
7,1,0,51,113,15,379
7,2,0,17,32,84,361
7,3,0,3,23,85,194
7,4,0,7,8,17,159
7,4,1,13,128,26,54
7,0,0,24,37,38,61
